origin,destination,count
Gare de Marne-la-Vallée-Chessy.,Gare de Aéropt-C-de-Gaulle-TGV,247
Gare de Aéropt-C-de-Gaulle-TGV,Gare de Marne-la-Vallée-Chessy.,240
Gare de Nantes,Gare de Angers-St-Laud,237
Gare de Massy-TGV,Gare de Marne-la-Vallée-Chessy.,202
Gare de Le Mans,Gare de Massy-TGV,174
Gare de Angers-St-Laud,Gare de Nantes,173
Gare de Paris-Montparnasse 1-2,Gare de Rennes,169
Gare de Angers-St-Laud,Gare de Le Mans,152
Gare de Le Mans,Gare de Paris-Montparnasse 1-2,148
Gare de Paris Gare du Nord,Gare de Arras,147
Gare de Arras,Gare de Paris Gare du Nord,144
Gare de Lyon-Part-Dieu,Gare de Valence-TGV,142
Gare de Bordeaux-St-Jean,Gare de Paris-Montparnasse 1-2,140
Gare de Rennes,Gare de Paris-Montparnasse 1-2,136
Gare de Marne-la-Vallée-Chessy.,Gare de Lyon-Part-Dieu,134
Gare de Marseille-St-Charles,Gare de Aix-en-Provence-TGV,134
Gare de Aix-en-Provence-TGV,Gare de Avignon-TGV,131
Gare de Angoulême,Gare de Poitiers,128
Gare de Paris-Montparnasse 1-2,Gare de Le Mans,124
Gare de Marne-la-Vallée-Chessy.,Gare de Massy-TGV,117
Gare de Aix-en-Provence-TGV,Gare de Marseille-St-Charles,116
Gare de TGV Haute-Picardie,Gare de Aéropt-C-de-Gaulle-TGV,112
Gare de Avignon-TGV,Gare de Aix-en-Provence-TGV,107
Gare de Bordeaux-St-Jean,Gare de Angoulême,106
Gare de Poitiers,Gare de Angoulême,105
Gare de Douai,Gare de Arras,102
Gare de Lyon-Perrache,Gare de Lyon-Part-Dieu,101
Gare de St-Pierre-des-Corps,Gare de Poitiers,99
Gare de Lorraine-TGV,Gare de Strasbourg,97
Gare de Massy-TGV,Gare de Le Mans,97
Gare de Poitiers,Gare de St-Pierre-des-Corps,95
Gare de Lyon-Part-Dieu,Gare de Lyon-Perrache,92
Gare de Angoulême,Gare de Bordeaux-St-Jean,91
Gare de Nîmes,Gare de Montpellier-Saint-Roch,87
Gare de Paris-Montparnasse 1-2,Gare de Vendôme-Villiers-s-Loir,87
Gare de Vendôme-Villiers-s-Loir,Gare de St-Pierre-des-Corps,86
Gare de Rennes,Gare de Laval,85
Gare de Paris-Montparnasse 1-2,Gare de Bordeaux-St-Jean,84
Gare de Le Mans,Gare de Angers-St-Laud,83
Gare de Vendôme-Villiers-s-Loir,Gare de Paris-Montparnasse 1-2,82
Gare de St-Pierre-des-Corps,Gare de Vendôme-Villiers-s-Loir,81
Gare de Paris-Gare-de-Lyon,Gare de Lyon-Saint-Exupery-Tgv,80
Gare de Laval,Gare de Le Mans,79
Gare de Lille Europe,Gare de Aéropt-C-de-Gaulle-TGV,79
Gare de Aéropt-C-de-Gaulle-TGV,Gare de Lille Europe,78
Gare de Aéropt-C-de-Gaulle-TGV,Gare de Lille Flandres,78
Gare de Bruxelles-M./Brussel-Z.,Gare de Lille Europe,78
Gare de Valence-TGV,Gare de Nîmes,78
Gare de Arras,Gare de Lille Europe,77
Gare de Paris-Est,Gare de Strasbourg,77
Gare de Dax,Gare de Bordeaux-St-Jean,76
Gare de Massy-TGV,Gare de St-Pierre-des-Corps,76
Gare de Strasbourg,Gare de Paris-Est,76
Gare de St-Pierre-des-Corps,Gare de Paris-Montparnasse 1-2,75
Gare de Dijon-Ville,Gare de Besançon-Franche-Comté,74
Gare de Rennes,Gare de Le Mans,74
Gare de St-Pierre-des-Corps,Gare de Massy-TGV,74
Gare de Valence-TGV,Gare de Avignon-TGV,73
Gare de Le Mans,Gare de Laval,72
Gare de Lyon-Part-Dieu,Gare de Marne-la-Vallée-Chessy.,72
Gare de St-Brieuc,Gare de Guingamp,72
Gare de Lille Europe,Gare de Arras,71
Gare de Lille Europe,Gare de Bruxelles-M./Brussel-Z.,71
Gare de Valence-TGV,Gare de Lyon-Part-Dieu,71
Gare de Belfort-Montbéliard-TGV,Gare de Mulhouse,70
Gare de Besançon-Franche-Comté,Gare de Belfort-Montbéliard-TGV,70
Gare de Metz-Ville,Gare de Thionville,70
Gare de Strasbourg,Gare de Lorraine-TGV,70
Gare de Thionville,Gare de Luxembourg,70
Gare de Avignon-TGV,Gare de Lyon-Part-Dieu,67
Gare de Besançon-Franche-Comté,Gare de Dijon-Ville,67
Gare de Auray,Gare de Lorient,65
Gare de Avignon-TGV,Gare de Marseille-St-Charles,65
Gare de Paris Gare du Nord,Gare de Lille Flandres,65
Gare de Paris-Est,Gare de Metz-Ville,65
Gare de Vannes,Gare de Auray,65
Gare de Poitiers,Gare de Paris-Montparnasse 1-2,64
Gare de Champagne-Ardenne,Gare de Lorraine-TGV,63
Gare de Lyon-Saint-Exupery-Tgv,Gare de Paris-Gare-de-Lyon,63
Gare de Laval,Gare de Rennes,62
Gare de Morlaix,Gare de Brest,61
Gare de Angers-St-Laud,Gare de Paris-Montparnasse 1-2,60
Gare de Belfort-Montbéliard-TGV,Gare de Besançon-Franche-Comté,60
Gare de Lyon-Part-Dieu,Gare de Paris-Gare-de-Lyon,60
Gare de Montpellier-Saint-Roch,Gare de Nîmes,60
Gare de Mulhouse,Gare de Belfort-Montbéliard-TGV,60
Gare de Aéropt-C-de-Gaulle-TGV,Gare de TGV Haute-Picardie,59
Gare de Auray,Gare de Vannes,59
Gare de Lorient,Gare de Auray,59
Gare de Luxembourg,Gare de Thionville,59
Gare de Lyon-Part-Dieu,Gare de Avignon-TGV,59
Gare de Thionville,Gare de Metz-Ville,59
Gare de Tours,Gare de St-Pierre-des-Corps,59
Gare de Arras,Gare de TGV Haute-Picardie,55
Gare de Paris-Gare-de-Lyon,Gare de Lyon-Part-Dieu,55
Gare de Marne-la-Vallée-Chessy.,Gare de Champagne-Ardenne,54
Gare de Paris-Montparnasse 1-2,Gare de St-Pierre-des-Corps,54
Gare de Lille Flandres,Gare de Paris Gare du Nord,53
Gare de Montpellier-Sud-France,Gare de Nîmes Pont-du-Gard,53
Gare de Rennes,Gare de St-Brieuc,53
Gare de Lille Flandres,Gare de Douai,52
Gare de Reims,Gare de Paris-Est,52
Gare de La Rochelle-Ville,Gare de Surgères,51
Gare de Le Mans,Gare de Rennes,51
Gare de Surgères,Gare de Niort,51
Gare de Nîmes,Gare de Valence-TGV,49
Gare de Bayonne,Gare de Dax,48
Gare de Biarritz,Gare de Bayonne,48
Gare de Colmar,Gare de Strasbourg,48
Gare de Guingamp,Gare de Morlaix,48
Gare de Hendaye,Gare de St-Jean-de-Luz-Ciboure,48
Gare de Lorient,Gare de Quimper,48
Gare de Massy-TGV,Gare de Lyon-Part-Dieu,48
Gare de Paris-Montparnasse 1-2,Gare de Poitiers,48
Gare de St-Jean-de-Luz-Ciboure,Gare de Biarritz,48
Gare de Lille Europe,Gare de TGV Haute-Picardie,47
Gare de Aéropt-C-de-Gaulle-TGV,Gare de Champagne-Ardenne,46
Gare de Arras,Gare de Lens,46
Gare de Guingamp,Gare de St-Brieuc,46
Gare de Metz-Ville,Gare de Paris-Est,46
Gare de Rennes,Gare de Vannes,46
Gare de Calais Fréthun,Gare de Lille Europe,45
Gare de Hazebrouck,Gare de Dunkerque,44
Gare de Paris-Gare-de-Lyon,Gare de Valence-TGV,44
Gare de Arras,Gare de Douai,43
Gare de Brest,Gare de Morlaix,43
Gare de Lorraine-TGV,Gare de Champagne-Ardenne,43
Gare de Marseille-St-Charles,Gare de Toulon,43
Gare de Nîmes Pont-du-Gard,Gare de Montpellier-Sud-France,43
Gare de Paris-Montparnasse 1-2,Gare de Angers-St-Laud,43
Gare de Toulon,Gare de Marseille-St-Charles,43
Gare de Béthune,Gare de Hazebrouck,42
Gare de Lens,Gare de Béthune,42
Gare de Lyon-Part-Dieu,Gare de Massy-TGV,42
Gare de Niort,Gare de Surgères,42
Gare de Quimper,Gare de Lorient,42
Gare de St-Brieuc,Gare de Rennes,42
Gare de Surgères,Gare de La Rochelle-Ville,42
Gare de Bordeaux-St-Jean,Gare de Libourne,41
Gare de Boulogne Ville,Gare de Calais Fréthun,41
Gare de Libourne,Gare de Angoulême,41
Gare de Lyon-Saint-Exupery-Tgv,Gare de Grenoble,41
Gare de Nancy-Ville,Gare de Paris-Est,41
Gare de St-Pierre-des-Corps,Gare de Tours,41
Gare de Antibes,Gare de Cannes,39
Gare de Champagne-Ardenne,Gare de Aéropt-C-de-Gaulle-TGV,39
Gare de Nice-Ville,Gare de Antibes,39
Gare de Bordeaux-St-Jean,Gare de Dax,38
Gare de Nîmes Pont-du-Gard,Gare de Valence-TGV,37
Gare de St-Nazaire,Gare de Nantes,37
Gare de Valence-TGV,Gare de Nîmes Pont-du-Gard,37
Gare de Valence-TGV,Gare de Paris-Gare-de-Lyon,37
Gare de Agen,Gare de Bordeaux-St-Jean,36
Gare de Avignon-TGV,Gare de Paris-Gare-de-Lyon,36
Gare de Champagne-Ardenne,Gare de Meuse-TGV,36
Gare de Béthune,Gare de Lens,35
Gare de Béziers,Gare de Narbonne,35
Gare de Cannes,Gare de St-Raphaël-Valescure,35
Gare de Dunkerque,Gare de Hazebrouck,35
Gare de Hazebrouck,Gare de Béthune,35
Gare de Lamballe,Gare de St-Brieuc,35
Gare de Lens,Gare de Arras,35
Gare de Mulhouse,Gare de Colmar,35
Gare de Nantes,Gare de St-Nazaire,35
Gare de Paris-Est,Gare de Reims,35
Gare de Rennes,Gare de Lamballe,35
Gare de Vannes,Gare de Redon,35
Gare de Douai,Gare de Valenciennes,34
Gare de Grenoble,Gare de Lyon-Saint-Exupery-Tgv,34
Gare de Lille Europe,Gare de Calais Fréthun,34
Gare de Mâcon-Loché-TGV,Gare de Paris-Gare-de-Lyon,34
Gare de Morlaix,Gare de Guingamp,34
Gare de Valenciennes,Gare de Douai,34
Gare de Agde,Gare de Béziers,33
Gare de Sète,Gare de Agde,33
Gare de St-Pierre-des-Corps,Gare de Chatellerault,33
Gare de Strasbourg,Gare de Metz-Ville,33
Gare de Albertville,Gare de Moûtiers-Salins-Brides,32
Gare de Angoulême,Gare de Libourne,32
Gare de Antibes,Gare de Nice-Ville,32
Gare de Cannes,Gare de Antibes,32
Gare de Champagne-Ardenne,Gare de Marne-la-Vallée-Chessy.,32
Gare de Champagne-Ardenne,Gare de Paris-Est,32
Gare de Creusot - TGV (le),Gare de Paris-Gare-de-Lyon,32
Gare de Libourne,Gare de Bordeaux-St-Jean,32
Gare de Meuse-TGV,Gare de Paris-Est,32
Gare de Moûtiers-Salins-Brides,Gare de Aime-la-Plagne,32
Gare de Nancy-Ville,Gare de Meuse-TGV,32
Gare de Paris-Est,Gare de Champagne-Ardenne,32
Gare de Paris-Gare-de-Lyon,Gare de Avignon-TGV,32
Gare de Vannes,Gare de Rennes,32
Gare de Chatellerault,Gare de St-Pierre-des-Corps,31
Gare de Creusot - TGV (le),Gare de Lyon-Part-Dieu,31
Gare de Aime-la-Plagne,Gare de Landry,30
Gare de Landry,Gare de Bourg-St-Maurice,30
Gare de Meuse-TGV,Gare de Lorraine-TGV,30
Gare de Montbard,Gare de Dijon-Ville,30
Gare de Paris-Gare-de-Lyon,Gare de Mâcon-Loché-TGV,30
Gare de Paris-Gare-de-Lyon,Gare de Montbard,30
Gare de St-Raphaël-Valescure,Gare de Cannes,30
Gare de Calais Fréthun,Gare de Boulogne Ville,29
Gare de Chambéry-Chal.-les-Eaux,Gare de Albertville,29
Gare de Meuse-TGV,Gare de Nancy-Ville,29
Gare de Montpellier-Saint-Roch,Gare de Sète,29
Gare de Paris-Gare-de-Lyon,Gare de Creusot - TGV (le),29
Gare de Paris-Montparnasse 1-2,Gare de Sablé-sur-Sarthe,29
Gare de Redon,Gare de Rennes,29
Gare de Sablé-sur-Sarthe,Gare de Angers-St-Laud,29
Gare de Agde,Gare de Sète,28
Gare de Béziers,Gare de Agde,28
Gare de Narbonne,Gare de Béziers,28
Gare de Redon,Gare de Vannes,28
Gare de Lamballe,Gare de Rennes,27
Gare de Lourdes,Gare de Pau,27
Gare de Poitiers,Gare de Niort,27
Gare de St-Brieuc,Gare de Lamballe,27
Gare de Tarbes,Gare de Lourdes,27
Gare de TGV Haute-Picardie,Gare de Arras,27
Gare de Aix-les-Bains-le-Revard,Gare de Chambéry-Chal.-les-Eaux,26
Gare de Bordeaux-St-Jean,Gare de Agen,26
Gare de Chatellerault,Gare de Poitiers,26
Gare de Dijon-Ville,Gare de Paris-Gare-de-Lyon,26
Gare de Paris-Est,Gare de Meuse-TGV,26
Gare de Strasbourg,Gare de Colmar,26
Gare de Aime-la-Plagne,Gare de Moûtiers-Salins-Brides,25
Gare de Avignon-TGV,Gare de Valence-TGV,25
Gare de Lyon-Part-Dieu,Gare de Creusot - TGV (le),25
Gare de Metz-Ville,Gare de Strasbourg,25
Gare de Moûtiers-Salins-Brides,Gare de Albertville,25
Gare de Paris-Montparnasse 1-2,Gare de Massy-TGV,25
Gare de Strasbourg,Gare de Karlsruhe-Hbf,25
Gare de Karlsruhe-Hbf,Gare de Strasbourg,24
Gare de Lorient,Gare de Quimperlé,24
Gare de Massy-TGV,Gare de Paris-Montparnasse 1-2,24
Gare de Narbonne,Gare de Perpignan,24
Gare de Paris-Gare-de-Lyon,Gare de Marseille-St-Charles,24
Gare de Rennes,Gare de Redon,24
Gare de Annecy,Gare de Aix-les-Bains-le-Revard,23
Gare de Dijon-Ville,Gare de Mâcon-Ville,23
Gare de Laval,Gare de Vitré,23
Gare de Les Arcs-Draguignan,Gare de Toulon,23
Gare de Lorraine-TGV,Gare de Meuse-TGV,23
Gare de Mâcon-Ville,Gare de Lyon-Part-Dieu,23
Gare de Meuse-TGV,Gare de Champagne-Ardenne,23
Gare de Montauban-Ville-Bourbon,Gare de Agen,23
Gare de Quimper,Gare de Rosporden,23
Gare de Quimperlé,Gare de Lorient,23
Gare de Rosporden,Gare de Quimperlé,23
Gare de Toulouse-Matabiau,Gare de Montauban-Ville-Bourbon,23
Gare de Vitré,Gare de Rennes,23
Gare de Albertville,Gare de Chambéry-Chal.-les-Eaux,22
Gare de Bayonne,Gare de Biarritz,22
Gare de Biarritz,Gare de St-Jean-de-Luz-Ciboure,22
Gare de Bourg-St-Maurice,Gare de Landry,22
Gare de Dax,Gare de Bayonne,22
Gare de Futuroscope,Gare de Chatellerault,22
Gare de Guingamp,Gare de Plouaret-Trégor,22
Gare de Karlsruhe-Hbf,Gare de Stuttgart,22
Gare de La Baule-Escoublac,Gare de Le Croisic,22
Gare de La Roche-sur-Yon,Gare de Nantes,22
Gare de Landry,Gare de Aime-la-Plagne,22
Gare de Les Sables-d'Olonne,Gare de La Roche-sur-Yon,22
Gare de Perpignan,Gare de Narbonne,22
Gare de Poitiers,Gare de Futuroscope,22
Gare de St-Jean-de-Luz-Ciboure,Gare de Hendaye,22
Gare de St-Nazaire,Gare de La Baule-Escoublac,22
Gare de Boulogne Ville,Gare de Etaples Le Touquet,21
Gare de Chambéry-Chal.-les-Eaux,Gare de Paris-Gare-de-Lyon,21
Gare de Dijon-Ville,Gare de Montbard,21
Gare de Etaples Le Touquet,Gare de Boulogne Ville,21
Gare de Etaples Le Touquet,Gare de Rang du Fl. Verton Ber.,21
Gare de Lyon-Part-Dieu,Gare de Dijon-Ville,21
Gare de Montbard,Gare de Paris-Gare-de-Lyon,21
Gare de Nantes,Gare de Paris-Montparnasse 1-2,21
Gare de Niort,Gare de La Rochelle-Ville,21
Gare de Niort,Gare de Poitiers,21
Gare de Orthez,Gare de Dax,21
Gare de Paris-Gare-de-Lyon,Gare de Chambéry-Chal.-les-Eaux,21
Gare de Pau,Gare de Orthez,21
Gare de Rang du Fl. Verton Ber.,Gare de Etaples Le Touquet,21
Gare de Rosporden,Gare de Quimper,21
Gare de Strasbourg,Gare de Mulhouse,21
Gare de Chambéry-Chal.-les-Eaux,Gare de Aix-les-Bains-le-Revard,20
Gare de Dol,Gare de Rennes,20
Gare de La Baule-Escoublac,Gare de St-Nazaire,20
Gare de Le Croisic,Gare de La Baule-Escoublac,20
Gare de Montauban-Ville-Bourbon,Gare de Toulouse-Matabiau,20
Gare de Plouaret-Trégor,Gare de Morlaix,20
Gare de Sète,Gare de Montpellier-Sud-France,20
Gare de St-Malo,Gare de Dol,20
Gare de TGV Haute-Picardie,Gare de Lille Europe,20
Gare de St-Maixent (Deux-Sèvr.),Gare de Niort,19
Gare de St-Pierre-des-Corps,Gare de Angers-St-Laud,19
Gare de St-Raphaël-Valescure,Gare de Les Arcs-Draguignan,19
Gare de Stuttgart,Gare de Karlsruhe-Hbf,19
Gare de Agen,Gare de Montauban-Ville-Bourbon,18
Gare de Aix-les-Bains-le-Revard,Gare de Annecy,18
Gare de Charleville-Mézières,Gare de Rethel,18
Gare de Rennes,Gare de St-Malo,18
Gare de Rethel,Gare de Reims,18
Gare de Angers-St-Laud,Gare de Sablé-sur-Sarthe,17
Gare de Avignon-Centre,Gare de Orange,17
Gare de Chambéry-Chal.-les-Eaux,Gare de Mâcon-Loché-TGV,17
Gare de Champagne-Ardenne,Gare de Nancy-Ville,17
Gare de Dol,Gare de St-Malo,17
Gare de Epinal,Gare de Nancy-Ville,17
Gare de Montélimar,Gare de Valence-Ville,17
Gare de Orange,Gare de Montélimar,17
Gare de Paris-Montparnasse 1-2,Gare de Nantes,17
Gare de Quimperlé,Gare de Rosporden,17
Gare de Remiremont,Gare de Epinal,17
Gare de Rennes,Gare de Dol,17
Gare de Toulon,Gare de Les Arcs-Draguignan,17
Gare de Avignon-TGV,Gare de Lyon-Saint-Exupery-Tgv,16
Gare de La Roche-sur-Yon,Gare de Les Sables-d'Olonne,16
Gare de Laval,Gare de Paris-Montparnasse 1-2,16
Gare de Mâcon-Loché-TGV,Gare de Aix-les-Bains-le-Revard,16
Gare de Marseille-St-Charles,Gare de Paris-Gare-de-Lyon,16
Gare de Nancy-Ville,Gare de Champagne-Ardenne,16
Gare de Nantes,Gare de La Roche-sur-Yon,16
Gare de Niort,Gare de Paris-Montparnasse 1-2,16
Gare de Paris-Gare-de-Lyon,Gare de Dijon-Ville,16
Gare de Poitiers,Gare de Chatellerault,16
Gare de St-Raphaël-Valescure,Gare de Toulon,16
Gare de Vannes,Gare de Lorient,16
Gare de Angoulême,Gare de St-Pierre-des-Corps,15
Gare de Bardonecchia-Stazione,Gare de Oulx-Cesana-Clav-Sestri,15
Gare de Chatellerault,Gare de Futuroscope,15
Gare de Dunkerque,Gare de Lille Europe,15
Gare de Futuroscope,Gare de Poitiers,15
Gare de Les Arcs-Draguignan,Gare de St-Raphaël-Valescure,15
Gare de Lille Europe,Gare de Douai,15
Gare de Lille Flandres,Gare de Aéropt-C-de-Gaulle-TGV,15
Gare de Lyon-Saint-Exupery-Tgv,Gare de Marne-la-Vallée-Chessy.,15
Gare de Lyon-Saint-Exupery-Tgv,Gare de Valence-Ville,15
Gare de Modane,Gare de Bardonecchia-Stazione,15
Gare de Montélimar,Gare de Orange,15
Gare de Niort,Gare de St-Maixent (Deux-Sèvr.),15
Gare de Orange,Gare de Avignon-Centre,15
Gare de Oulx-Cesana-Clav-Sestri,Gare de Torino PS (Turin),15
Gare de Sedan,Gare de Charleville-Mézières,15
Gare de Toulon,Gare de St-Raphaël-Valescure,15
Gare de Valence-Ville,Gare de Montélimar,15
Gare de Arras,Gare de Aéropt-C-de-Gaulle-TGV,14
Gare de Beaune,Gare de Dijon-Ville,14
Gare de Bordeaux-St-Jean,Gare de Massy-TGV,14
Gare de Chalon-sur-Saône,Gare de Beaune,14
Gare de Lourdes,Gare de Tarbes,14
Gare de Lyon-Part-Dieu,Gare de Mâcon-Loché-TGV,14
Gare de Lyon-Part-Dieu,Gare de Mâcon-Ville,14
Gare de Mâcon-Loché-TGV,Gare de Creusot - TGV (le),14
Gare de Mâcon-Ville,Gare de Chalon-sur-Saône,14
Gare de Paris-Est,Gare de Nancy-Ville,14
Gare de Pau,Gare de Lourdes,14
Gare de Rennes,Gare de Vitré,14
Gare de Sète,Gare de Montpellier-Saint-Roch,14
Gare de Vitré,Gare de Laval,14
Gare de Bellegarde-s-V. Gare,Gare de Annemasse,13
Gare de Brest,Gare de St-Brieuc,13
Gare de Champagne-Ardenne,Gare de Metz-Ville,13
Gare de La Rochelle-Ville,Gare de Niort,13
Gare de Lille Europe,Gare de Dunkerque,13
Gare de Lyon-Part-Dieu,Gare de St-Etienne-Châteaucreux,13
Gare de Marseille-St-Charles,Gare de Avignon-TGV,13
Gare de Metz-Ville,Gare de Champagne-Ardenne,13
Gare de Morlaix,Gare de Plouaret-Trégor,13
Gare de Nîmes Pont-du-Gard,Gare de Paris-Gare-de-Lyon,13
Gare de Paris-Gare-de-Lyon,Gare de Bellegarde-s-V. Gare,13
Gare de Plouaret-Trégor,Gare de Guingamp,13
Gare de Poitiers,Gare de St-Maixent (Deux-Sèvr.),13
Gare de St-Brieuc,Gare de Brest,13
Gare de St-Etienne-Châteaucreux,Gare de Lyon-Part-Dieu,13
Gare de St-Pierre-des-Corps,Gare de Angoulême,13
Gare de Toulouse-Matabiau,Gare de Agen,13
Gare de Aix-les-Bains-le-Revard,Gare de Mâcon-Loché-TGV,12
Gare de Lyon-Saint-Exupery-Tgv,Gare de Chambéry-Chal.-les-Eaux,12
Gare de Mâcon-Loché-TGV,Gare de Lyon-Part-Dieu,12
Gare de Niort,Gare de St-Pierre-des-Corps,12
Gare de Paris-Montparnasse 1-2,Gare de Laval,12
Gare de Reims,Gare de Rethel,12
Gare de Rethel,Gare de Charleville-Mézières,12
Gare de St-Malo,Gare de Rennes,12
Gare de Torino PS (Turin),Gare de Milano-Porta-Garibaldi,12
Gare de Valence-Ville,Gare de Lyon-Saint-Exupery-Tgv,12
Gare de Arles,Gare de Avignon-Centre,11
Gare de Arles,Gare de Miramas,11
Gare de Avignon-Centre,Gare de Arles,11
Gare de Bardonecchia-Stazione,Gare de Modane,11
Gare de Carcassonne,Gare de Toulouse-Matabiau,11
Gare de Chambéry-Chal.-les-Eaux,Gare de Modane,11
Gare de Douai,Gare de Lille Flandres,11
Gare de Frankfurt/M (Francfort),Gare de Mannheim-Hbf,11
Gare de Miramas,Gare de Arles,11
Gare de Narbonne,Gare de Carcassonne,11
Gare de Oulx-Cesana-Clav-Sestri,Gare de Bardonecchia-Stazione,11
Gare de Sablé-sur-Sarthe,Gare de Le Mans,11
Gare de Strasbourg,Gare de Paris Gare du Nord,11
Gare de Torino PS (Turin),Gare de Oulx-Cesana-Clav-Sestri,11
Gare de Annemasse,Gare de Bellegarde-s-V. Gare,10
Gare de Biganos-Facture,Gare de Bordeaux-St-Jean,10
Gare de Colmar,Gare de Mulhouse,10
Gare de Dax,Gare de Orthez,10
Gare de Dijon-Ville,Gare de Dole-Ville,10
Gare de Dole-Ville,Gare de Besançon-Viotte,10
Gare de La Baule-Escoublac,Gare de Pornichet,10
Gare de Le Croisic,Gare de Le Pouliguen,10
Gare de Le Pouliguen,Gare de La Baule-Escoublac,10
Gare de Lorient,Gare de Vannes,10
Gare de Mannheim-Hbf,Gare de Frankfurt/M (Francfort),10
Gare de Marne-la-Vallée-Chessy.,Gare de Creusot - TGV (le),10
Gare de Montpellier-Sud-France,Gare de Sète,10
Gare de Orthez,Gare de Pau,10
Gare de Paris-Montparnasse 1-2,Gare de Niort,10
Gare de Pornichet,Gare de St-Nazaire,10
Gare de St-Maixent (Deux-Sèvr.),Gare de Poitiers,10
Gare de Besançon-Viotte,Gare de Besançon-Franche-Comté,9
Gare de Besançon-Viotte,Gare de Dole-Ville,9
Gare de Champagne-Ardenne,Gare de Châlons-en-Champagne,9
Gare de Colmar,Gare de Sélestat,9
Gare de Dole-Ville,Gare de Dijon-Ville,9
Gare de Lyon-Part-Dieu,Gare de Chambéry-Chal.-les-Eaux,9
Gare de Mâcon-Loché-TGV,Gare de Chambéry-Chal.-les-Eaux,9
Gare de Paris Gare du Nord,Gare de Champagne-Ardenne,9
Gare de Paris-Montparnasse 1-2,Gare de St-Brieuc,9
Gare de Sélestat,Gare de Strasbourg,9
Gare de Strasbourg,Gare de Nancy-Ville,9
Gare de Bellegarde-s-V. Gare,Gare de Paris-Gare-de-Lyon,8
Gare de Epinal,Gare de Remiremont,8
Gare de Landerneau,Gare de Brest,8
Gare de Lyon-Saint-Exupery-Tgv,Gare de Avignon-TGV,8
Gare de Morlaix,Gare de Landerneau,8
Gare de Nancy-Ville,Gare de Epinal,8
Gare de Nancy-Ville,Gare de Strasbourg,8
Gare de Nîmes,Gare de Lyon-Part-Dieu,8
Gare de Paris Gare du Nord,Gare de Strasbourg,8
Gare de Paris-Montparnasse 1-2,Gare de Vannes,8
Gare de Sélestat,Gare de Colmar,8
Gare de St-Dié-des-Vosges,Gare de Nancy-Ville,8
Gare de Strasbourg,Gare de Sélestat,8
Gare de Agen,Gare de Toulouse-Matabiau,7
Gare de Aix-en-Provence-TGV,Gare de Lyon-Saint-Exupery-Tgv,7
Gare de Angers-St-Laud,Gare de St-Pierre-des-Corps,7
Gare de Annemasse,Gare de Cluses (Hte-Savoie),7
Gare de Annemasse,Gare de Thonon-les-Bains,7
Gare de Arcachon,Gare de Biganos-Facture,7
Gare de Arras,Gare de Lille Flandres,7
Gare de Bordeaux-St-Jean,Gare de Biganos-Facture,7
Gare de Châlons-en-Champagne,Gare de Champagne-Ardenne,7
Gare de Chambéry-Chal.-les-Eaux,Gare de Annecy,7
Gare de Charleville-Mézières,Gare de Sedan,7
Gare de Cluses (Hte-Savoie),Gare de Sallanches-Comb.Megève,7
Gare de Creusot - TGV (le),Gare de Mâcon-Loché-TGV,7
Gare de Creusot - TGV (le),Gare de Marne-la-Vallée-Chessy.,7
Gare de La Baule-Escoublac,Gare de Le Pouliguen,7
Gare de Le Pouliguen,Gare de Le Croisic,7
Gare de Lunéville,Gare de Nancy-Ville,7
Gare de Lyon-Part-Dieu,Gare de Nîmes,7
Gare de Lyon-Saint-Exupery-Tgv,Gare de Aix-en-Provence-TGV,7
Gare de Mannheim-Hbf,Gare de Karlsruhe-Hbf,7
Gare de Marne-la-Vallée-Chessy.,Gare de Lyon-Saint-Exupery-Tgv,7
Gare de Massy-TGV,Gare de Poitiers,7
Gare de Metz-Ville,Gare de Paris Gare du Nord,7
Gare de Milano-Porta-Garibaldi,Gare de Torino PS (Turin),7
Gare de Modane,Gare de Chambéry-Chal.-les-Eaux,7
Gare de Poitiers,Gare de Massy-TGV,7
Gare de Pornichet,Gare de La Baule-Escoublac,7
Gare de Quimperlé,Gare de Quimper,7
Gare de Sallanches-Comb.Megève,Gare de St-Gervais-L-B-Le-Fayet,7
Gare de St-Nazaire,Gare de Pornichet,7
Gare de St-Pierre-des-Corps,Gare de Niort,7
Gare de TGV Haute-Picardie,Gare de Tourcoing,7
Gare de Thonon-les-Bains,Gare de Evian-les-Bains,7
Gare de Toulon,Gare de Aix-en-Provence-TGV,7
Gare de Tourcoing,Gare de TGV Haute-Picardie,7
Gare de Besançon-Franche-Comté,Gare de Besançon-Viotte,6
Gare de Béziers,Gare de Sète,6
Gare de Carcassonne,Gare de Narbonne,6
Gare de Châlons-en-Champagne,Gare de Vitry-le-François,6
Gare de Cluses (Hte-Savoie),Gare de Annemasse,6
Gare de Croix Wasquehal,Gare de Roubaix,6
Gare de Dijon-Ville,Gare de Lyon-Part-Dieu,6
Gare de Lille Flandres,Gare de Croix Wasquehal,6
Gare de Massy-TGV,Gare de Bordeaux-St-Jean,6
Gare de Massy-TGV,Gare de Chambéry-Chal.-les-Eaux,6
Gare de Montpellier-Saint-Roch,Gare de Béziers,6
Gare de Mulhouse,Gare de Strasbourg,6
Gare de Nancy-Ville,Gare de Lunéville,6
Gare de Paris Gare du Nord,Gare de Metz-Ville,6
Gare de Paris-Gare-de-Lyon,Gare de Nîmes Pont-du-Gard,6
Gare de Paris-Montparnasse 1-2,Gare de Chatellerault,6
Gare de Paris-Montparnasse 1-2,Gare de St-Maixent (Deux-Sèvr.),6
Gare de Pau,Gare de Dax,6
Gare de Redon,Gare de Paris-Montparnasse 1-2,6
Gare de Roubaix,Gare de Tourcoing,6
Gare de Sablé-sur-Sarthe,Gare de Paris-Montparnasse 1-2,6
Gare de Sallanches-Comb.Megève,Gare de Cluses (Hte-Savoie),6
Gare de Saverne,Gare de Sarrebourg,6
Gare de Sète,Gare de Béziers,6
Gare de St-Gervais-L-B-Le-Fayet,Gare de Sallanches-Comb.Megève,6
Gare de Strasbourg,Gare de Saverne,6
Gare de Toulouse-Matabiau,Gare de Carcassonne,6
Gare de Vitry-le-François,Gare de Bar-le-Duc,6
Gare de Aix-les-Bains-le-Revard,Gare de Paris-Gare-de-Lyon,5
Gare de Angers-St-Laud,Gare de Saumur,5
Gare de Annecy,Gare de Chambéry-Chal.-les-Eaux,5
Gare de Biganos-Facture,Gare de Arcachon,5
Gare de Calais Fréthun,Gare de Calais Ville,5
Gare de Chatellerault,Gare de Paris-Montparnasse 1-2,5
Gare de Forbach,Gare de Saarbrücken /Sarrebruck,5
Gare de Freiburg-Breisgau,Gare de Emmendingen,5
Gare de Grenoble,Gare de Paris-Gare-de-Lyon,5
Gare de Kaiserslautern-Hbf,Gare de Mannheim-Hbf,5
Gare de Karlsruhe-Hbf,Gare de Mannheim-Hbf,5
Gare de Metz-Ville,Gare de Luxembourg,5
Gare de Metz-Ville,Gare de Meuse-TGV,5
Gare de Meuse-TGV,Gare de Strasbourg,5
Gare de Nantes,Gare de Ancenis,5
Gare de Offenburg,Gare de Strasbourg,5
Gare de Paris Gare du Nord,Gare de Reims,5
Gare de Paris-Montparnasse 1-2,Gare de Angoulême,5
Gare de Saarbrücken /Sarrebruck,Gare de Kaiserslautern-Hbf,5
Gare de Sarrebourg,Gare de Saverne,5
Gare de Saumur,Gare de St-Pierre-des-Corps,5
Gare de Saverne,Gare de Strasbourg,5
Gare de TGV Haute-Picardie,Gare de Lille Flandres,5
Gare de Aix-en-Provence-TGV,Gare de Toulon,4
Gare de Ancenis,Gare de Angers-St-Laud,4
Gare de Angoulême,Gare de Paris-Montparnasse 1-2,4
Gare de Avignon-TGV,Gare de Lyon-Perrache,4
Gare de Avignon-TGV,Gare de Toulon,4
Gare de Bar-le-Duc,Gare de Vitry-le-François,4
Gare de Brest,Gare de Landerneau,4
Gare de Cannes,Gare de Les Arcs-Draguignan,4
Gare de Chambéry-Chal.-les-Eaux,Gare de Massy-TGV,4
Gare de Chambéry-Chal.-les-Eaux,Gare de St-Avre-la-Chambre,4
Gare de Chambéry-Chal.-les-Eaux,Gare de St-Jean-de-Maurienne-A.,4
Gare de Champagne-Ardenne,Gare de Paris Gare du Nord,4
Gare de Dax,Gare de Pau,4
Gare de Emmendingen,Gare de Freiburg-Breisgau,4
Gare de Emmendingen,Gare de Lahr,4
Gare de Evian-les-Bains,Gare de Thonon-les-Bains,4
Gare de Kaiserslautern-Hbf,Gare de Saarbrücken /Sarrebruck,4
Gare de Lahr,Gare de Emmendingen,4
Gare de Lahr,Gare de Offenburg,4
Gare de Landerneau,Gare de Morlaix,4
Gare de Laval,Gare de Massy-TGV,4
Gare de Lens,Gare de Douai,4
Gare de Lille Flandres,Gare de Arras,4
Gare de Lorient,Gare de Rosporden,4
Gare de Lunéville,Gare de St-Dié-des-Vosges,4
Gare de Lyon-Perrache,Gare de Mâcon-Ville,4
Gare de Lyon-Perrache,Gare de Marne-la-Vallée-Chessy.,4
Gare de Mâcon-Ville,Gare de Dijon-Ville,4
Gare de Mannheim-Hbf,Gare de Kaiserslautern-Hbf,4
Gare de Marne-la-Vallée-Chessy.,Gare de Lille Flandres,4
Gare de Meuse-TGV,Gare de Paris Gare du Nord,4
Gare de Milano-Porta-Garibaldi,Gare de Novara,4
Gare de Modane,Gare de St-Jean-de-Maurienne-A.,4
Gare de Modane,Gare de St-Michel-Valloire,4
Gare de Novara,Gare de Vercelli,4
Gare de Offenburg,Gare de Lahr,4
Gare de Paris-Gare-de-Lyon,Gare de Aix-en-Provence-TGV,4
Gare de Paris-Montparnasse 1-2,Gare de Redon,4
Gare de Poitiers,Gare de Bordeaux-St-Jean,4
Gare de Reims,Gare de Paris Gare du Nord,4
Gare de Rennes,Gare de Massy-TGV,4
Gare de Sarrebourg,Gare de Lunéville,4
Gare de Saumur,Gare de Angers-St-Laud,4
Gare de St-Avre-la-Chambre,Gare de Chambéry-Chal.-les-Eaux,4
Gare de St-Avre-la-Chambre,Gare de St-Jean-de-Maurienne-A.,4
Gare de St-Jean-de-Maurienne-A.,Gare de Chambéry-Chal.-les-Eaux,4
Gare de St-Jean-de-Maurienne-A.,Gare de Modane,4
Gare de St-Jean-de-Maurienne-A.,Gare de St-Avre-la-Chambre,4
Gare de St-Jean-de-Maurienne-A.,Gare de St-Michel-Valloire,4
Gare de St-Maixent (Deux-Sèvr.),Gare de St-Pierre-des-Corps,4
Gare de St-Michel-Valloire,Gare de Modane,4
Gare de St-Michel-Valloire,Gare de St-Jean-de-Maurienne-A.,4
Gare de St-Pierre-des-Corps,Gare de Saumur,4
Gare de Strasbourg,Gare de Champagne-Ardenne,4
Gare de Strasbourg,Gare de Offenburg,4
Gare de Thonon-les-Bains,Gare de Annemasse,4
Gare de Toulon,Gare de Avignon-TGV,4
Gare de Toulon,Gare de Hyères,4
Gare de Toulouse-Matabiau,Gare de Bordeaux-St-Jean,4
Gare de Vannes,Gare de Paris-Montparnasse 1-2,4
Gare de Vercelli,Gare de Torino PS (Turin),4
Gare de Vitry-le-François,Gare de Châlons-en-Champagne,4
Gare de Aéropt-C-de-Gaulle-TGV,Gare de Tourcoing,3
Gare de Aix-en-Provence-TGV,Gare de Lyon-Part-Dieu,3
Gare de Albertville,Gare de Grenoble,3
Gare de Arcachon,Gare de La Teste,3
Gare de Bourg-St-Maurice,Gare de Aime-la-Plagne,3
Gare de Chambéry-Chal.-les-Eaux,Gare de Lyon-Part-Dieu,3
Gare de Guingamp,Gare de Rennes,3
Gare de Hyères,Gare de Toulon,3
Gare de La Teste,Gare de Biganos-Facture,3
Gare de Le Havre,Gare de Rouen-Rive-Droite,3
Gare de Lille Flandres,Gare de Marne-la-Vallée-Chessy.,3
Gare de Lille Flandres,Gare de TGV Haute-Picardie,3
Gare de Lorraine-TGV,Gare de Paris-Est,3
Gare de Lyon-Part-Dieu,Gare de Massy-Palaiseau,3
Gare de Lyon-Perrache,Gare de Avignon-TGV,3
Gare de Mantes-la-Jolie,Gare de Rouen-Rive-Droite,3
Gare de Mantes-la-Jolie,Gare de Versailles-Chantiers,3
Gare de Marseille-St-Charles,Gare de Lyon-Perrache,3
Gare de Massy-Palaiseau,Gare de Lyon-Part-Dieu,3
Gare de Massy-Palaiseau,Gare de Versailles-Chantiers,3
Gare de Nancy-Ville,Gare de Sarrebourg,3
Gare de Nîmes Pont-du-Gard,Gare de Lyon-Saint-Exupery-Tgv,3
Gare de Novara,Gare de Milano-Porta-Garibaldi,3
Gare de Paris Gare du Nord,Gare de Meuse-TGV,3
Gare de Paris-Est,Gare de Forbach,3
Gare de Paris-Est,Gare de Lorraine-TGV,3
Gare de Paris-Gare-de-Lyon,Gare de Aix-les-Bains-le-Revard,3
Gare de Rouen-Rive-Droite,Gare de Le Havre,3
Gare de Rouen-Rive-Droite,Gare de Mantes-la-Jolie,3
Gare de St-Brieuc,Gare de Paris-Montparnasse 1-2,3
Gare de St-Dié-des-Vosges,Gare de Lunéville,3
Gare de Torino PS (Turin),Gare de Vercelli,3
Gare de Toulouse-Matabiau,Gare de Paris-Montparnasse 1-2,3
Gare de Tourcoing,Gare de Aéropt-C-de-Gaulle-TGV,3
Gare de Valence-TGV,Gare de Lyon-Saint-Exupery-Tgv,3
Gare de Valence-Ville,Gare de Mâcon-Loché-TGV,3
Gare de Vercelli,Gare de Novara,3
Gare de Versailles-Chantiers,Gare de Mantes-la-Jolie,3
Gare de Versailles-Chantiers,Gare de Massy-Palaiseau,3
Gare de Aime-la-Plagne,Gare de Bourg-St-Maurice,2
Gare de Ancenis,Gare de Nantes,2
Gare de Angers-St-Laud,Gare de Massy-TGV,2
Gare de Baden-Baden,Gare de Karlsruhe-Hbf,2
Gare de Baden-Baden,Gare de Strasbourg,2
Gare de Bellegarde-s-V. Gare,Gare de Mâcon-Loché-TGV,2
Gare de Besançon-Franche-Comté,Gare de Chalon-sur-Saône,2
Gare de Biganos-Facture,Gare de La Teste,2
Gare de Bordeaux-St-Jean,Gare de Montauban-Ville-Bourbon,2
Gare de Bordeaux-St-Jean,Gare de St-Pierre-des-Corps,2
Gare de Bruxelles-M./Brussel-Z.,Gare de Aéropt-C-de-Gaulle-TGV,2
Gare de Chalon-sur-Saône,Gare de Besançon-Franche-Comté,2
Gare de Chalon-sur-Saône,Gare de Lyon-Part-Dieu,2
Gare de Chambéry-Chal.-les-Eaux,Gare de Grenoble,2
Gare de Chambéry-Chal.-les-Eaux,Gare de Marne-la-Vallée-Chessy.,2
Gare de Champagne-Ardenne,Gare de Strasbourg,2
Gare de Chatellerault,Gare de Vendôme-Villiers-s-Loir,2
Gare de Croix Wasquehal,Gare de Lille Flandres,2
Gare de Forbach,Gare de Paris-Est,2
Gare de Grenoble,Gare de Albertville,2
Gare de Guingamp,Gare de Lannion,2
Gare de Karlsruhe-Hbf,Gare de Baden-Baden,2
Gare de La Teste,Gare de Arcachon,2
Gare de Lannion,Gare de Guingamp,2
Gare de Le Mans,Gare de Ancenis,2
Gare de Les Arcs-Draguignan,Gare de Cannes,2
Gare de Lunéville,Gare de Sarrebourg,2
Gare de Lyon-Part-Dieu,Gare de Aix-en-Provence-TGV,2
Gare de Lyon-Part-Dieu,Gare de Chalon-sur-Saône,2
Gare de Lyon-Perrache,Gare de Valence-TGV,2
Gare de Lyon-Saint-Exupery-Tgv,Gare de Nîmes,2
Gare de Lyon-Saint-Exupery-Tgv,Gare de Toulon,2
Gare de Marne-la-Vallée-Chessy.,Gare de Chambéry-Chal.-les-Eaux,2
Gare de Marne-la-Vallée-Chessy.,Gare de Metz-Ville,2
Gare de Menton,Gare de Monaco-Monte-Carlo,2
Gare de Metz-Ville,Gare de Marne-la-Vallée-Chessy.,2
Gare de Monaco-Monte-Carlo,Gare de Nice-Ville,2
Gare de Nancy-Ville,Gare de St-Dié-des-Vosges,2
Gare de Nîmes,Gare de Lyon-Saint-Exupery-Tgv,2
Gare de Paris Gare du Nord,Gare de Forbach,2
Gare de Paris-Gare-de-Lyon,Gare de Grenoble,2
Gare de Paris-Montparnasse 1-2,Gare de Toulouse-Matabiau,2
Gare de Roubaix,Gare de Croix Wasquehal,2
Gare de Saarbrücken /Sarrebruck,Gare de Forbach,2
Gare de Saarbrücken /Sarrebruck,Gare de Paris-Est,2
Gare de Sarrebourg,Gare de Nancy-Ville,2
Gare de St-Brieuc,Gare de Morlaix,2
Gare de Strasbourg,Gare de Baden-Baden,2
Gare de Tourcoing,Gare de Roubaix,2
Gare de Valence-Ville,Gare de Paris-Gare-de-Lyon,2
Gare de Vendôme-Villiers-s-Loir,Gare de Chatellerault,2
Gare de Aéropt-C-de-Gaulle-TGV,Gare de Strasbourg,1
Gare de Aix-les-Bains-le-Revard,Gare de Grenoble,1
Gare de Ancenis,Gare de Paris-Montparnasse 1-2,1
Gare de Annemasse,Gare de Marne-la-Vallée-Chessy.,1
Gare de Arras,Gare de Hazebrouck,1
Gare de Bordeaux-St-Jean,Gare de Toulouse-Matabiau,1
Gare de Chambéry-Chal.-les-Eaux,Gare de Lyon-Saint-Exupery-Tgv,1
Gare de Champagne-Ardenne,Gare de Reims,1
Gare de Creusot - TGV (le),Gare de Lyon-Perrache,1
Gare de Daguerre,Gare de Mulhouse Tour Nessel,1
Gare de Daguerre,Gare de Zu-Rhein,1
Gare de Dunkerque,Gare de Arras,1
Gare de Emmendingen,Gare de Offenburg,1
Gare de Lille Europe,Gare de Hazebrouck,1
Gare de Lorraine-TGV,Gare de Marne-la-Vallée-Chessy.,1
Gare de Lutterbach Tram-train,Gare de Mulhouse-Musées,1
Gare de Marne-la-Vallée-Chessy.,Gare de Annemasse,1
Gare de Marne-la-Vallée-Chessy.,Gare de Avignon-TGV,1
Gare de Marne-la-Vallée-Chessy.,Gare de Lorraine-TGV,1
Gare de Marne-la-Vallée-Chessy.,Gare de Lyon-Perrache,1
Gare de Massy-TGV,Gare de Laval,1
Gare de Massy-TGV,Gare de Vendôme-Villiers-s-Loir,1
Gare de Meuse-TGV,Gare de Marne-la-Vallée-Chessy.,1
Gare de Meuse-TGV,Gare de Metz-Ville,1
Gare de Monaco-Monte-Carlo,Gare de Menton,1
Gare de Mulhouse Dornach TT,Gare de Mulhouse-Musées,1
Gare de Mulhouse Dornach TT,Gare de Zu-Rhein,1
Gare de Mulhouse Mairie,Gare de Mulhouse Porte Haute,1
Gare de Mulhouse Mairie,Gare de Mulhouse Porte-Jeune,1
Gare de Mulhouse Porte Haute,Gare de Mulhouse Mairie,1
Gare de Mulhouse Porte Haute,Gare de Mulhouse Tour Nessel,1
Gare de Mulhouse Porte-Jeune,Gare de Mulhouse Mairie,1
Gare de Mulhouse Porte-Jeune,Gare de Mulhouse République,1
Gare de Mulhouse République,Gare de Mulhouse Porte-Jeune,1
Gare de Mulhouse République,Gare de Mulhouse-Gare-Centrale,1
Gare de Mulhouse Tour Nessel,Gare de Daguerre,1
Gare de Mulhouse Tour Nessel,Gare de Mulhouse Porte Haute,1
Gare de Mulhouse-Gare-Centrale,Gare de Mulhouse République,1
Gare de Mulhouse-Musées,Gare de Lutterbach Tram-train,1
Gare de Mulhouse-Musées,Gare de Mulhouse Dornach TT,1
Gare de Nice-Ville,Gare de Monaco-Monte-Carlo,1
Gare de Nîmes,Gare de Paris-Gare-de-Lyon,1
Gare de Paris Gare du Nord,Gare de Nancy-Ville,1
Gare de Paris-Gare-de-Lyon,Gare de Albertville,1
Gare de Reims,Gare de Champagne-Ardenne,1
Gare de St-Maixent (Deux-Sèvr.),Gare de Paris-Montparnasse 1-2,1
Gare de Vendôme-Villiers-s-Loir,Gare de Massy-TGV,1
Gare de Zu-Rhein,Gare de Daguerre,1
Gare de Zu-Rhein,Gare de Mulhouse Dornach TT,1
